941509;3D White Gel
941093;Clear Builder Gel
941060;Cover Pink Gel
941020;Crystal Clear Gel
941094;EW Cover Pink Gel
941089;EW Extreme White Gel
941050;Pink Builder Gel
941080;Soft White Gel
941084;Ultra White Gel
941070;White Builder Gel
940056;SMART Clear Acrylic Powder
940106;SMART Cover Peach Acrylic Powder
940096;SMART Cover Pink Acrylic Powder
940086;SMART Natural Acrylic Powder
940066;SMART Pink Acrylic Powder
940076;SMART White Acrylic Powder
940116;SPEEDY Clear Acrylic Powder
940126;SPEEDY Pink Powder
940136;SPEEDY White Acrylic Powder
